L10 Median,Kalman,Relative Performance,Rest Days,Recent T,Spread,Points,Line,OU Result
12.0,8.186171451902826,4.571428571428569,3.0,0.31167254184565085,-6.0,17.0,12.5,1.0
17.0,15.756917071852113,4.571428571428569,3.0,0.10452027288188478,-6.0,30.0,19.5,1.0
11.0,12.076633493013263,10.200000000000003,2.0,0.0,6.0,3.0,12.5,0.0
19.0,19.77970601048817,10.200000000000003,2.0,0.0,6.0,17.0,18.5,0.0
17.0,11.359861943179627,4.571428571428569,3.0,1.4991079392609765,-6.0,15.0,15.5,0.0
12.0,10.082106854978871,10.200000000000003,2.0,0.0,6.0,3.0,13.5,0.0
9.0,8.112942848752422,10.200000000000003,2.0,0.0,6.0,12.0,10.5,1.0
13.0,13.887379826547406,-16.599999999999994,3.0,0.0,23.0,10.0,15.5,0.0
8.0,9.813490728840746,-16.599999999999994,3.0,0.0,23.0,16.0,11.5,1.0
20.0,20.089981907544797,-16.599999999999994,3.0,0.0,23.0,19.0,19.5,0.0
20.0,21.829961244276888,-41.2,3.0,0.0,-23.0,6.0,15.5,0.0
16.0,15.217926037465041,-16.599999999999994,3.0,0.0,23.0,4.0,14.5,0.0
32.0,26.89183776125641,-41.2,3.0,0.0,-23.0,7.0,23.5,0.0
11.0,13.04971312634279,-41.2,3.0,0.0,-23.0,9.0,12.5,0.0
10.0,6.8567622812573585,-41.2,3.0,0.0,-23.0,6.0,11.5,0.0
14.5,14.628063158533196,-5.666666666666671,3.0,-0.18405716203359118,9.0,13.0,13.5,0.0
19.0,18.893251724030666,-5.666666666666671,3.0,0.4191969792534526,9.0,19.0,21.5,0.0
13.0,10.95925321312787,-5.666666666666671,3.0,0.11366113430613013,9.0,21.0,14.5,1.0
12.5,17.394722557823574,-2.3333333333333286,4.0,-0.5937322507759801,3.0,15.0,12.5,1.0
19.0,16.458335429974667,-2.3333333333333286,4.0,0.5574495053792603,3.0,13.0,21.5,0.0
17.5,17.164544890863667,-3.3333333333333286,1.0,-0.2361002160611149,-3.0,14.0,17.5,0.0
14.0,19.809841601995654,-2.3333333333333286,4.0,-0.6216216216216218,3.0,20.0,12.5,1.0
26.0,19.55928714596829,-3.3333333333333286,1.0,0.1684056506325147,-3.0,20.0,24.5,0.0
10.0,12.777845768658889,-3.3333333333333286,1.0,-0.39999999999999963,-3.0,21.0,11.5,1.0
14.5,15.26212292963043,-2.3333333333333286,4.0,0.04744009528510824,3.0,22.0,16.5,1.0
9.5,6.925358860781074,-3.3333333333333286,1.0,0.3902005021591863,-3.0,9.0,10.5,0.0
12.5,12.723588870452694,-7.833333333333329,4.0,-0.3656556185002926,-6.0,21.0,14.5,1.0
11.0,9.326372952798756,-7.833333333333329,4.0,0.22591299788996222,-6.0,7.0,10.5,0.0
16.0,20.004686898245726,-22.599999999999994,3.0,0.0,-14.0,7.0,13.5,0.0
10.0,12.449770646224593,-22.599999999999994,3.0,0.0,-14.0,12.0,11.5,1.0
14.0,15.15922737397996,-22.599999999999994,3.0,0.0,-14.0,11.0,14.5,0.0
20.0,20.844652322278762,-22.599999999999994,3.0,0.0,-14.0,18.0,22.5,0.0
12.0,9.379600669021773,10.0,2.0,0.3332011368842186,-15.0,11.0,13.5,0.0
18.5,18.884307774585636,10.0,2.0,0.03184008123254015,-15.0,20.0,20.5,0.0
14.0,14.495635181206746,21.14285714285714,2.0,0.5006523159981986,15.0,15.0,13.5,1.0
19.0,18.499659905745055,21.14285714285714,2.0,0.42032046891146807,15.0,22.0,21.5,1.0
16.5,11.54053305816991,10.0,2.0,1.382660758559566,-15.0,14.0,16.5,0.0
9.5,10.096944442109063,10.0,2.0,-0.08504645412579981,-15.0,23.0,12.5,1.0
20.0,19.27031617539182,21.14285714285714,2.0,0.0,15.0,17.0,18.5,0.0
16.0,13.176518377651316,21.14285714285714,2.0,-0.19151970901283608,15.0,18.0,15.5,1.0
12.0,11.99985459855316,2.5999999999999943,2.0,0.0,10.0,6.0,12.5,0.0
7.5,10.364902270147827,-6.5,2.0,-0.062342359133536474,-10.0,7.0,10.5,0.0
12.0,11.82097915927009,2.5999999999999943,2.0,0.0,10.0,17.0,10.5,1.0
13.0,14.511311717096312,-6.5,2.0,-0.3887777999932898,-10.0,17.0,11.5,1.0
10.0,8.433104566951084,-6.5,2.0,0.1274263435999701,-10.0,4.0,11.5,0.0
19.0,17.06885227264182,2.5999999999999943,2.0,0.0,10.0,20.0,17.5,1.0
10.5,8.813580294424025,-6.5,2.0,0.23438934605817577,-10.0,10.0,11.5,0.0
29.0,28.832319059706464,-15.0,2.0,0.0,-4.0,28.0,25.5,1.0
10.0,10.051033273857236,-4.400000000000006,2.0,0.0,4.0,7.0,13.5,0.0
22.0,22.790728311603413,-15.0,2.0,0.0,-4.0,15.0,21.5,0.0
19.0,18.14904242905485,-15.0,2.0,0.0,-4.0,19.0,19.5,0.0
21.0,21.439878162341756,-4.400000000000006,2.0,0.0,4.0,16.0,20.5,0.0
14.0,17.665298898999232,-4.400000000000006,2.0,0.0,4.0,7.0,15.5,0.0
13.0,13.196474060177973,-9.833333333333329,3.0,0.08323704984267964,2.0,15.0,14.5,1.0
25.0,26.95364124279286,-14.0,5.0,0.0,-2.0,21.0,23.5,0.0
12.0,10.237934441602953,-9.833333333333329,3.0,0.26981060036425686,2.0,22.0,11.5,1.0
20.0,20.05111248958824,-9.833333333333329,3.0,0.07591896180011207,2.0,12.0,19.5,0.0
15.0,13.104190411364872,-9.833333333333329,3.0,-0.14508732341335812,2.0,9.0,14.5,0.0
13.0,14.887821843699342,-14.0,5.0,0.0,-2.0,10.0,12.5,0.0
16.0,14.551865152775058,5.285714285714292,2.0,-0.03850177096622607,-11.0,15.0,14.5,1.0
13.0,15.32798693388046,7.0,2.0,-0.5480063620989567,11.0,8.0,12.5,0.0
18.0,15.324844589925398,7.0,2.0,-0.10984782425653898,11.0,18.0,21.5,0.0
14.0,16.722530849796783,7.0,2.0,-0.5203036213975416,11.0,16.0,14.5,1.0
15.0,16.152945354088814,7.0,2.0,0.3129571601772795,11.0,24.0,17.5,1.0
15.5,18.202930023421573,10.166666666666671,2.0,-0.5170364906592835,24.0,8.0,12.5,0.0
11.0,12.533427376516395,10.166666666666671,2.0,-0.1605182945479614,24.0,11.0,11.5,0.0
15.0,16.382323821889422,-9.857142857142861,2.0,-0.2092068804496224,-24.0,14.0,15.5,0.0
20.0,19.83162424922628,-9.857142857142861,2.0,-0.22349444226099016,-24.0,21.0,23.5,0.0
13.5,15.6066418924552,10.166666666666671,2.0,0.29470725317026647,24.0,6.0,14.5,0.0
20.0,20.223218481684953,10.166666666666671,2.0,0.10628991780713903,24.0,14.0,22.5,0.0
11.0,13.594576647548228,-9.857142857142861,2.0,0.22943856244257455,-24.0,5.0,11.5,0.0
12.0,9.670732961718109,-8.111111111111114,2.0,0.4201698529803083,1.0,10.0,12.5,0.0
11.5,11.709052267736217,-10.833333333333329,2.0,-0.12009611535381493,-1.0,8.0,12.5,0.0
20.0,19.182105962117323,-8.111111111111114,2.0,0.09711999699316459,1.0,11.0,20.5,0.0
12.5,10.45875747743573,-10.833333333333329,2.0,0.5773502691896258,-1.0,12.0,12.5,0.0
16.0,11.614495596637532,-8.111111111111114,2.0,1.130823178904157,1.0,18.0,16.5,1.0
19.5,17.572550056697164,-10.833333333333329,2.0,-0.08821621827824587,-1.0,15.0,17.5,0.0
11.0,12.085190107029105,-8.111111111111114,2.0,0.05185368347864479,1.0,17.0,14.5,1.0
20.0,16.419295245267094,-31.66666666666667,2.0,0.2723740350329805,-19.0,9.0,16.5,0.0
13.0,13.49348777816823,-13.42857142857143,2.0,0.18702926067888007,19.0,8.0,14.5,0.0
16.0,11.392399750075622,-13.42857142857143,2.0,0.762874227452228,19.0,9.0,14.5,0.0
10.0,9.638043947244135,-31.66666666666667,2.0,0.19670809584196133,-19.0,4.0,11.5,0.0
20.0,19.55500075168531,-13.42857142857143,2.0,-0.3502073926469781,19.0,18.0,19.5,0.0
14.0,12.457265406877438,-13.42857142857143,2.0,-0.769784494604644,19.0,15.0,12.5,1.0
18.5,20.572512219205656,-31.66666666666667,2.0,-0.4234879676206761,-19.0,4.0,18.5,0.0
13.0,15.655390814278476,-31.66666666666667,2.0,-0.5190782815456154,-19.0,12.0,13.5,0.0
7.0,9.59932760369515,-10.57142857142857,3.0,0.19777831585851868,-19.0,6.0,9.5,0.0
19.0,20.157170847631246,-10.57142857142857,3.0,-0.740554664871807,-19.0,23.0,18.5,1.0
14.5,16.01034316596978,7.375,2.0,0.06162862204822723,19.0,31.0,15.5,1.0
20.5,20.364849418172053,7.375,2.0,-0.7799665812877262,19.0,12.0,22.5,0.0
13.0,15.502397515047265,-10.57142857142857,3.0,-0.37266661625363606,-19.0,12.0,12.5,0.0
10.0,11.865324428453636,7.375,2.0,0.10685021764640487,19.0,21.0,11.5,1.0
10.0,8.898624527562971,-10.57142857142857,3.0,0.023139305295980215,-19.0,9.0,11.5,0.0
11.5,9.507166202742274,-10.299999999999997,1.0,1.2193913017194116,-36.0,5.0,12.5,0.0
18.0,15.792680187175323,20.125,2.0,-0.5514109665703558,36.0,13.0,20.5,0.0
18.5,16.947486902383886,-10.299999999999997,1.0,-0.19526804472106704,-36.0,3.0,18.5,0.0
15.0,16.948921828556486,20.125,2.0,-0.4884641102008669,36.0,18.0,15.5,1.0
16.5,12.174662410282464,-10.299999999999997,1.0,1.0495960377400646,-36.0,21.0,15.5,1.0
12.0,13.160725362040447,-10.299999999999997,1.0,-0.046625240412015934,-36.0,17.0,12.5,1.0
17.0,16.991397193486094,20.125,2.0,0.9115662277345906,36.0,16.0,17.5,0.0
15.0,17.185931418191352,0.7142857142857082,2.0,-0.7633726514491977,11.0,8.0,12.5,0.0
24.5,25.018758097782875,-7.666666666666671,2.0,0.09607689228305227,-11.0,21.0,24.5,0.0
11.0,12.42542886223686,0.7142857142857082,2.0,-0.04539986092530555,11.0,10.0,11.5,0.0
13.0,12.567062392389342,0.7142857142857082,2.0,0.05433726117881675,11.0,25.0,12.5,1.0
14.0,14.296370148662453,-7.666666666666671,2.0,0.03617577098031199,-11.0,12.0,13.5,0.0
20.0,19.038390912202637,0.7142857142857082,2.0,-0.3561698071383673,11.0,24.0,21.5,1.0
12.5,13.904020206094067,-7.666666666666671,2.0,-0.2721655269759087,-11.0,8.0,11.5,0.0
13.0,12.596495415839758,-4.75,2.0,-0.6525912514317401,17.0,7.0,14.5,0.0
15.5,14.774813953277198,-15.375,4.0,-0.2842726621888412,-17.0,9.0,13.5,0.0
12.5,12.26375027022439,-4.75,2.0,1.0984052619764697,17.0,15.0,13.5,1.0
19.5,19.28357307094492,-4.75,2.0,-0.7695095939010371,17.0,20.0,18.5,1.0
14.5,13.001480799570619,-4.75,2.0,-0.8348010207943436,17.0,4.0,12.5,0.0
10.0,6.5725250486460585,-15.375,4.0,0.4722749083849174,-17.0,5.0,8.5,0.0
8.0,8.00671884269849,-15.375,4.0,-0.5968070111141935,-17.0,9.0,9.5,0.0
8.5,10.07874186572128,-15.375,4.0,-0.34680673881766927,-17.0,5.0,8.5,0.0
11.0,11.5107686438863,-4.285714285714292,3.0,-0.21687259258756095,-13.0,13.0,10.5,1.0
13.0,14.682147227561972,1.8888888888888857,2.0,-0.4411928331541021,13.0,14.0,12.5,1.0
18.0,14.985783839665983,1.8888888888888857,2.0,-0.5587651851242184,13.0,33.0,20.5,1.0
12.0,6.792351638680999,-4.285714285714292,3.0,0.7250646565044193,-13.0,16.0,11.5,1.0
12.0,10.589943632764346,-4.285714285714292,3.0,0.7219228756844333,-13.0,4.0,12.5,0.0
12.0,10.781380898120942,-4.285714285714292,3.0,-0.19213161681223048,-13.0,10.0,8.5,1.0
16.0,17.418590944800833,1.8888888888888857,2.0,-0.48599368212319854,13.0,5.0,14.5,0.0
19.0,17.053817289489047,-4.285714285714292,3.0,0.056618172550716675,-13.0,15.0,16.5,0.0
16.0,17.044919247408846,1.8888888888888857,2.0,0.6492280838600517,13.0,24.0,18.5,1.0
15.0,20.132308391956514,-18.444444444444443,2.0,0.15014868681947605,-18.0,7.0,15.5,0.0
14.5,14.557978525753908,-4.5,5.0,0.3511234415883917,18.0,21.0,13.5,1.0
19.5,19.128330429545706,-4.5,5.0,0.2657619585805972,18.0,15.0,21.5,0.0
20.0,17.55228915481459,-18.444444444444443,2.0,-0.8062988912196447,-18.0,19.0,21.5,0.0
11.0,13.909454896645336,-18.444444444444443,2.0,0.17306452291046923,-18.0,10.0,11.5,0.0
17.0,14.058685330992075,-4.5,5.0,-0.3210669722683215,18.0,17.0,15.5,1.0
12.5,12.507540646646966,10.5,1.0,-0.40180173029888655,-2.0,16.0,13.5,1.0
14.0,13.329090646025612,7.63636363636364,5.0,-0.2315867555535425,2.0,30.0,17.5,1.0
17.0,12.912952655581618,7.63636363636364,5.0,0.9119983287614974,2.0,16.0,16.5,0.0
12.0,13.909668227613349,7.63636363636364,5.0,0.41934457177407536,2.0,10.0,14.5,0.0
29.0,29.721747788569253,-22.714285714285708,2.0,0.24297827463392,-13.0,29.0,26.5,1.0
15.0,15.16225688778719,-6.0,3.0,0.7686955509521278,13.0,14.0,13.5,1.0
22.0,22.131977894610138,-22.714285714285708,2.0,-0.4638169830056017,-13.0,3.0,19.5,0.0
19.0,17.956595689277822,-6.0,3.0,0.5437833942342198,13.0,25.0,20.5,1.0
19.0,18.666104133597614,-22.714285714285708,2.0,0.10369710529430139,-13.0,18.0,19.5,0.0
19.5,18.818627094757172,-6.0,8.0,-0.08501982920224338,13.0,12.0,18.5,0.0
17.0,14.471564767344137,-6.0,3.0,0.0335424609710833,13.0,21.0,15.5,1.0
13.0,15.36246187546993,-6.333333333333329,2.0,0.28610085643053945,-1.0,25.0,14.5,1.0
20.0,21.01176706440712,-6.333333333333329,2.0,-0.5605428140029003,-1.0,20.0,22.5,0.0
24.5,26.019768904083197,-10.375,2.0,-0.11168429809194183,-9.0,22.0,24.5,0.0
19.0,20.018711771181447,5.444444444444443,2.0,-0.21971058460295856,9.0,22.0,17.5,1.0
13.0,12.902386051780383,5.444444444444443,2.0,-0.17534954246573625,9.0,0.0,11.5,0.0
13.5,13.791754869963016,-10.375,2.0,1.0323630403185862,-9.0,21.0,12.5,1.0
18.0,11.785390543626427,-10.375,2.0,0.12691987414731065,-9.0,8.0,13.5,0.0
12.5,13.204775532328929,-10.375,2.0,-0.5019296494452846,-9.0,6.0,12.5,0.0
12.5,12.507540646646966,10.5,1.0,-0.40180173029888655,-2.0,16.0,13.5,1.0
14.0,13.329090646025612,7.63636363636364,5.0,-0.2315867555535425,2.0,30.0,17.5,1.0
17.0,12.912952655581618,7.63636363636364,5.0,0.9119983287614974,2.0,16.0,16.5,0.0
12.0,13.909668227613349,7.63636363636364,5.0,0.41934457177407536,2.0,10.0,14.5,0.0
29.0,29.721747788569253,-22.714285714285708,2.0,0.24297827463392,-13.0,29.0,26.5,1.0
15.0,15.16225688778719,-6.0,3.0,0.7686955509521278,13.0,14.0,13.5,1.0
22.0,22.131977894610138,-22.714285714285708,2.0,-0.4638169830056017,-13.0,3.0,19.5,0.0
19.0,17.956595689277822,-6.0,3.0,0.5437833942342198,13.0,25.0,20.5,1.0
19.0,18.666104133597614,-22.714285714285708,2.0,0.10369710529430139,-13.0,18.0,19.5,0.0
19.5,18.818627094757172,-6.0,8.0,-0.08501982920224338,13.0,12.0,18.5,0.0
17.0,14.471564767344137,-6.0,3.0,0.0335424609710833,13.0,21.0,15.5,1.0
13.0,15.36246187546993,-6.333333333333329,2.0,0.28610085643053945,-1.0,25.0,14.5,1.0
20.0,21.01176706440712,-6.333333333333329,2.0,-0.5605428140029003,-1.0,20.0,22.5,0.0
24.5,26.019768904083197,-10.375,2.0,-0.11168429809194183,-9.0,22.0,24.5,0.0
19.0,20.018711771181447,5.444444444444443,2.0,-0.21971058460295856,9.0,22.0,17.5,1.0
13.0,12.902386051780383,5.444444444444443,2.0,-0.17534954246573625,9.0,0.0,11.5,0.0
13.5,13.791754869963016,-10.375,2.0,1.0323630403185862,-9.0,21.0,12.5,1.0
18.0,11.785390543626427,-10.375,2.0,0.12691987414731065,-9.0,8.0,13.5,0.0
12.5,13.204775532328929,-10.375,2.0,-0.5019296494452846,-9.0,6.0,12.5,0.0
12.5,12.507540646646966,10.5,1.0,-0.40180173029888655,-2.0,16.0,13.5,1.0
14.0,13.329090646025612,7.63636363636364,5.0,-0.2315867555535425,2.0,30.0,17.5,1.0
17.0,12.912952655581618,7.63636363636364,5.0,0.9119983287614974,2.0,16.0,16.5,0.0
12.0,13.909668227613349,7.63636363636364,5.0,0.41934457177407536,2.0,10.0,14.5,0.0
29.0,29.721747788569253,-22.714285714285708,2.0,0.24297827463392,-13.0,29.0,26.5,1.0
15.0,15.16225688778719,-6.0,3.0,0.7686955509521278,13.0,14.0,13.5,1.0
22.0,22.131977894610138,-22.714285714285708,2.0,-0.4638169830056017,-13.0,3.0,19.5,0.0
19.0,17.956595689277822,-6.0,3.0,0.5437833942342198,13.0,25.0,20.5,1.0
19.0,18.666104133597614,-22.714285714285708,2.0,0.10369710529430139,-13.0,18.0,19.5,0.0
19.5,18.818627094757172,-6.0,8.0,-0.08501982920224338,13.0,12.0,18.5,0.0
17.0,14.471564767344137,-6.0,3.0,0.0335424609710833,13.0,21.0,15.5,1.0
13.0,15.36246187546993,-6.333333333333329,2.0,0.28610085643053945,-1.0,25.0,14.5,1.0
20.0,21.01176706440712,-6.333333333333329,2.0,-0.5605428140029003,-1.0,20.0,22.5,0.0
24.5,26.019768904083197,-10.375,2.0,-0.11168429809194183,-9.0,22.0,24.5,0.0
19.0,20.018711771181447,5.444444444444443,2.0,-0.21971058460295856,9.0,22.0,17.5,1.0
13.0,12.902386051780383,5.444444444444443,2.0,-0.17534954246573625,9.0,0.0,11.5,0.0
13.5,13.791754869963016,-10.375,2.0,1.0323630403185862,-9.0,21.0,12.5,1.0
18.0,11.785390543626427,-10.375,2.0,0.12691987414731065,-9.0,8.0,13.5,0.0
12.5,13.204775532328929,-10.375,2.0,-0.5019296494452846,-9.0,6.0,12.5,0.0
13.0,11.787003972068485,-5.2222222222222285,4.0,-1.4009001730026693,-7.0,10.0,13.5,0.0
13.0,14.813289373339796,-3.5454545454545467,2.0,0.5837942114437306,7.0,10.0,13.5,0.0
19.0,21.27114838638158,-3.5454545454545467,2.0,0.10926250156690093,7.0,13.0,20.5,0.0
15.0,12.632518303377875,-5.2222222222222285,4.0,0.8225672710623035,-7.0,13.0,14.5,0.0
20.0,19.38031764070724,-5.2222222222222285,4.0,-0.8660312566322362,-7.0,16.0,19.5,0.0
14.0,13.826755215592542,-3.5454545454545467,2.0,0.04848529921130681,7.0,22.0,13.5,1.0
17.5,17.071657047230026,-3.5454545454545467,2.0,0.6507382495695522,7.0,24.0,16.5,1.0
17.5,15.058099487791418,13.875,2.0,-0.323926918484721,9.0,14.0,15.5,0.0
12.0,11.829439547317627,1.2222222222222285,2.0,-0.31767590660981365,-9.0,13.0,11.5,1.0
15.0,15.408102039967122,1.2222222222222285,2.0,-0.9111129969241697,-9.0,12.0,15.5,0.0
15.5,15.943147022045817,13.875,2.0,-0.6844890644451964,9.0,10.0,15.5,0.0
12.0,13.385995763058911,13.875,2.0,-0.252543249229359,9.0,22.0,11.5,1.0
12.5,13.480219819575325,14.545454545454547,2.0,0.3601788934610793,-5.0,13.0,13.5,0.0
13.0,14.069683797289619,7.75,1.0,0.2617878489162093,5.0,5.0,12.5,0.0
18.0,19.089973144570816,7.75,1.0,0.2408522913287775,5.0,14.0,20.5,0.0
15.0,15.353686534460735,7.75,1.0,-0.03748645753478135,5.0,29.0,13.5,1.0
19.5,18.52112192491994,7.75,1.0,0.5764874448901305,5.0,19.0,18.5,1.0
24.0,24.876786908698868,8.777777777777771,2.0,-1.1391579795154636,-7.0,25.0,25.5,0.0
14.0,14.856694636689557,18.181818181818187,2.0,-0.14114685590522563,7.0,20.0,14.5,1.0
20.5,23.30700641830827,18.181818181818187,2.0,-0.49676599505170355,7.0,29.0,22.5,1.0
14.0,14.970793475218974,8.777777777777771,2.0,0.6346887395316094,-7.0,12.0,13.5,0.0
15.0,10.635344204338729,8.777777777777771,2.0,-0.2161034920459895,-7.0,10.0,12.5,0.0
12.0,11.675062337946828,8.777777777777771,2.0,-0.7682458780277501,-7.0,20.0,11.5,1.0
14.5,15.08168497386437,-19.400000000000006,2.0,0.8252763664864524,-19.0,6.0,13.5,0.0
19.5,19.686182025633336,-19.400000000000006,2.0,0.0,-19.0,25.0,19.5,1.0
13.5,18.29490532584612,-2.700000000000003,2.0,-0.1298902810346848,19.0,32.0,15.5,1.0
20.0,20.795410290463884,-2.700000000000003,2.0,-0.5225562318831122,19.0,19.0,22.5,0.0
19.0,18.052780612722046,-19.400000000000006,2.0,-0.5829319374265166,-19.0,14.0,16.5,0.0
17.5,15.587640619099536,-19.400000000000006,2.0,1.4267144138514862,-19.0,7.0,15.5,0.0
29.0,29.630190734749846,7.125,2.0,0.991261119931893,-4.0,31.0,28.5,1.0
19.5,20.327749894518824,19.900000000000006,2.0,0.0,4.0,18.0,19.5,0.0
19.0,18.574962085546765,7.125,2.0,-0.5393377915345967,-4.0,24.0,20.5,1.0
11.5,11.582436720392614,9.299999999999997,2.0,-1.2572123893957248,17.0,7.0,12.5,0.0
14.0,12.537559806875564,9.299999999999997,2.0,0.6349750415282629,17.0,11.0,12.5,0.0
18.5,17.915750899452085,-6.0,3.0,0.3359304600209663,-17.0,10.0,19.5,0.0
19.5,19.098731917149692,9.299999999999997,2.0,-1.059842707171461,17.0,17.0,19.5,0.0
13.0,11.306843799655933,9.299999999999997,2.0,-1.107221319483563,17.0,22.0,11.5,1.0
17.0,13.40463640967198,-6.0,3.0,0.9146359206345126,-17.0,9.0,15.5,0.0
12.0,13.070176614265293,-6.0,3.0,0.58602319294616,-17.0,2.0,13.5,0.0
16.0,14.738621869987508,-8.666666666666671,3.0,0.12521758066945188,-19.0,9.0,15.5,0.0
14.0,13.418576744117534,12.333333333333329,2.0,-0.26508720481083997,19.0,18.0,13.5,1.0
15.0,15.25062704346844,-8.666666666666671,3.0,-1.5771893091751479,-19.0,16.0,14.5,1.0
12.0,14.520639333893559,-8.666666666666671,3.0,-0.07664782576190798,-19.0,12.0,12.5,0.0
29.0,29.805999464862364,0.3333333333333286,2.0,1.0883134794296172,-14.0,28.0,27.5,1.0
20.5,18.550675438005403,0.3333333333333286,4.0,-0.6459641618919277,-14.0,6.0,18.5,0.0
16.5,22.204990501541502,14.545454545454547,2.0,0.40678646541561386,14.0,16.0,16.5,0.0
19.0,19.508296909805626,0.3333333333333286,2.0,-0.40883815970729936,-14.0,13.0,18.5,0.0
20.0,20.449768322357155,14.545454545454547,2.0,-0.378460416924203,14.0,14.0,21.5,0.0
18.5,19.968767923492408,1.0909090909090935,2.0,0.24190033449568873,-16.0,16.0,19.5,0.0
14.0,13.987543830976266,13.36363636363636,2.0,0.0614531355285015,16.0,8.0,13.5,0.0
21.0,20.802892048559233,13.36363636363636,2.0,0.34544727921893487,16.0,21.0,21.5,0.0
18.0,17.686093276276136,13.36363636363636,2.0,-1.1951197629862977,16.0,26.0,17.5,1.0
17.5,14.049866510577521,13.36363636363636,2.0,0.6886126490975404,16.0,19.0,15.5,1.0
10.0,10.986313619056775,2.4545454545454533,2.0,-1.2767078524473183,8.0,20.0,11.5,1.0
12.5,11.910415765990267,-3.9000000000000057,4.0,-0.19648383679917408,-8.0,20.0,11.5,1.0
14.0,12.174695144708481,2.4545454545454533,2.0,0.33817766840395613,8.0,18.0,12.5,1.0
12.0,12.31045714399735,-3.9000000000000057,4.0,0.6782340320490743,-8.0,10.0,11.5,0.0
19.0,18.970399172663804,2.4545454545454533,2.0,-1.2852355396638633,8.0,16.0,18.5,0.0
13.0,13.452372944866816,2.4545454545454533,2.0,-0.11857166678082438,8.0,9.0,11.5,0.0
15.0,14.862582610047959,-3.9000000000000057,4.0,-0.5123030694754076,-8.0,10.0,14.5,0.0
10.5,9.592634729766438,13.461538461538467,3.0,-0.328733196860764,7.0,27.0,11.5,1.0
15.0,13.383671417012364,8.200000000000003,2.0,-0.26766806243216934,-7.0,12.0,15.5,0.0
14.0,15.408493075504042,13.461538461538467,3.0,-0.2890524304608837,7.0,7.0,17.5,0.0
9.5,9.157514367754494,8.200000000000003,2.0,-0.7175608803587867,-7.0,18.0,10.5,1.0
16.5,13.136808637675486,13.461538461538467,3.0,0.38084865197840717,7.0,24.0,15.5,1.0
11.5,10.778382217745197,13.461538461538467,3.0,0.7001907830959923,7.0,10.0,13.5,0.0
15.5,15.442697434399518,8.200000000000003,2.0,-1.2543387171866351,-7.0,26.0,15.5,1.0
12.0,13.931689570842467,8.200000000000003,2.0,-0.3443439205069826,-7.0,2.0,12.5,0.0
24.5,24.93839419484257,1.9000000000000057,4.0,-0.8413144120502977,-8.0,24.0,24.5,0.0
14.0,13.295706717392074,9.25,2.0,-0.12586962856570902,8.0,10.0,12.5,0.0
21.5,20.729055898722745,9.25,2.0,0.5032661128113429,8.0,19.0,20.5,0.0
13.5,14.519742255428113,1.9000000000000057,4.0,0.47360831957510174,-8.0,16.0,13.5,1.0
12.0,10.364410257319845,1.9000000000000057,4.0,-0.6371469833422181,-8.0,10.0,11.5,0.0
19.0,18.535680509433814,9.25,2.0,-0.725743945671524,8.0,17.0,17.5,0.0
17.5,15.1818826795624,9.25,2.0,0.48132661740631616,8.0,21.0,15.5,1.0
12.5,13.475293164750433,1.9000000000000057,4.0,-0.3241018617760822,-8.0,19.0,11.5,1.0
29.0,29.552790139529105,17.299999999999997,2.0,1.0392304845413252,4.0,32.0,27.5,1.0
14.0,16.47268568002643,18.66666666666667,4.0,0.045933267532815195,-4.0,22.0,15.5,1.0
19.0,16.818617201249893,17.299999999999997,2.0,-1.0754384073881422,4.0,34.0,17.5,1.0
20.5,25.012018392568784,18.66666666666667,4.0,-0.20821287461650725,-4.0,18.0,21.5,0.0
19.0,18.33465681471109,17.299999999999997,2.0,0.04265307040292525,4.0,16.0,18.5,0.0
9.5,10.782539350041448,18.66666666666667,4.0,-0.35428900584467654,-4.0,8.0,9.5,0.0
13.0,12.601480592648677,2.4545454545454533,2.0,0.7216762355605415,-2.0,10.0,12.5,0.0
14.0,14.547152145616582,7.384615384615387,3.0,-0.14604379294922135,2.0,29.0,13.5,1.0
14.5,14.080469354655357,2.4545454545454533,2.0,-1.4049753563011826,-2.0,5.0,14.5,0.0
10.0,14.200010495186561,-5.666666666666671,3.0,-0.6192121627973388,5.0,12.0,11.5,1.0
18.0,19.39784697149143,-2.0,3.0,-0.4495181755238513,-5.0,16.0,18.5,0.0
15.0,20.479141346418164,-5.666666666666671,3.0,1.0332972645723213,5.0,7.0,16.5,0.0
19.5,19.30569315497149,-5.666666666666671,3.0,-0.1381070942504004,5.0,30.0,20.5,1.0
10.0,12.258060693105248,4.25,3.0,-0.831818916105881,18.0,13.0,12.5,1.0
24.0,24.717943737267344,-15.272727272727266,2.0,-0.6056948074262412,-18.0,11.0,24.5,0.0
15.5,13.089422878718096,4.25,3.0,-0.1420107042809551,18.0,12.0,13.5,0.0
18.5,18.78282167504798,4.25,3.0,-0.9153547687226453,18.0,8.0,17.5,0.0
10.5,12.487709220155558,4.25,3.0,-0.0288956200930556,18.0,14.0,11.5,1.0
14.5,14.73694478147285,-15.272727272727266,2.0,0.3306462700947505,-18.0,16.0,14.5,1.0
11.0,10.193778014585236,-15.272727272727266,2.0,-0.22360679774997883,-18.0,4.0,10.5,0.0
12.5,14.794219081825378,-15.272727272727266,2.0,0.06564241052875613,-18.0,16.0,12.5,1.0
29.0,29.872335701718395,-5.272727272727266,2.0,1.3616040502264042,-8.0,21.0,28.5,0.0
17.0,17.702889504002123,4.15384615384616,6.0,0.1490169006949309,8.0,14.0,19.5,0.0
20.5,18.526032298078192,-5.272727272727266,2.0,-0.5191237268967048,-8.0,10.0,18.5,0.0
16.0,18.298088412419236,4.15384615384616,6.0,0.2823708100032236,8.0,34.0,15.5,1.0
19.5,18.5805988674024,4.15384615384616,6.0,0.2544319031532818,8.0,15.0,17.5,0.0
11.5,12.710177846259135,12.5,3.0,0.3480318771185642,8.0,19.0,13.5,1.0
13.0,12.524044659982719,4.25,2.0,1.1261046407106416,-8.0,11.0,14.5,0.0
11.0,12.813998287696268,12.5,3.0,-0.6642093142304019,8.0,23.0,16.5,1.0
10.5,10.239143039029424,4.25,2.0,-0.1701787816303963,-8.0,10.0,11.5,0.0
16.5,15.391329155144945,12.5,3.0,0.7789366583119769,8.0,17.0,16.5,1.0
13.5,12.526354551294958,4.25,2.0,-1.6607768644034484,-8.0,22.0,14.5,1.0
17.0,18.106771765198154,5.230769230769226,3.0,0.2989797183716104,9.0,13.0,15.5,0.0
13.5,12.955208410347677,-5.461538461538467,3.0,-0.3912845345444889,-9.0,14.0,12.5,1.0
20.0,20.228238925602,-5.461538461538467,3.0,0.31074987931577636,-9.0,14.0,19.5,0.0
20.0,22.791171573529933,5.230769230769226,3.0,-0.23747200237255675,9.0,30.0,21.5,1.0
18.0,18.24229068544244,-5.461538461538467,3.0,-0.3106322409961033,-9.0,15.0,17.5,0.0
17.5,16.36168028680837,-5.461538461538467,3.0,0.5105224414805435,-9.0,14.0,16.5,0.0
15.0,13.098442253944143,10.454545454545453,3.0,-1.3453148439121814,13.0,25.0,14.5,1.0
10.0,10.908948514660787,10.454545454545453,3.0,-0.19239828122482702,13.0,4.0,11.5,0.0
18.0,18.95133130927677,-3.8461538461538396,2.0,-1.2283734819915975,-13.0,10.0,18.5,0.0
15.5,17.368984198761652,10.454545454545453,3.0,-0.6561389048096647,13.0,16.0,16.5,0.0
12.0,11.139680504272837,10.454545454545453,3.0,-0.306710847264165,13.0,20.0,11.5,1.0
11.0,13.911641979226426,3.7692307692307736,3.0,-0.2961014009448775,12.0,12.0,11.5,1.0
9.5,11.372956109386253,3.7692307692307736,3.0,-0.41165023212760454,12.0,6.0,9.5,0.0
15.0,16.41401292777718,3.7692307692307736,3.0,0.31664986658439304,12.0,19.0,16.5,1.0
15.5,14.89367842103375,-3.0,2.0,0.6952331788973809,-12.0,17.0,15.5,1.0
11.0,8.806483905148971,-3.0,2.0,-1.227889765715413,-12.0,15.0,11.5,1.0
19.5,21.354564529657196,3.7692307692307736,3.0,0.04349374308980618,12.0,16.0,21.5,0.0
13.5,15.054157470553637,-3.0,2.0,0.5328897190610451,-12.0,8.0,12.5,0.0
10.0,12.385485735709336,-2.07692307692308,3.0,-0.512144352467703,9.0,11.0,13.5,0.0
15.5,12.92033808078198,-2.07692307692308,3.0,0.22988924466096142,9.0,13.0,13.5,0.0
7.0,8.263917545933465,-7.571428571428569,2.0,0.04237598409575336,-9.0,0.0,8.5,0.0
17.5,17.696236055365112,-7.571428571428569,2.0,-1.139020621873968,-9.0,8.0,16.5,0.0
17.5,17.61943961244104,-2.07692307692308,3.0,-0.9741336650602562,9.0,16.0,17.5,0.0
10.5,12.826703419273992,-2.07692307692308,3.0,-0.12345337881216914,9.0,12.0,12.5,0.0
9.5,11.518299224760332,-7.571428571428569,2.0,0.6414378962329902,-9.0,10.0,11.5,0.0
11.0,11.708181509215478,-2.07692307692308,3.0,0.6879058575893976,9.0,14.0,10.5,1.0
11.0,12.500068907712935,6.857142857142861,3.0,-0.4324389142899416,-6.0,12.0,12.5,0.0
16.0,16.759972409769873,6.857142857142861,3.0,0.2780166205517632,-6.0,28.0,19.5,1.0
14.0,16.630105544546197,16.85714285714286,2.0,-0.5615302881691339,6.0,19.0,14.5,1.0
17.0,21.54052879458698,6.857142857142861,3.0,0.5374826702276831,-6.0,17.0,15.5,1.0
20.5,25.007646944433837,16.85714285714286,2.0,0.4935837565234852,6.0,17.0,22.5,0.0
19.0,17.85300063161655,6.857142857142861,3.0,0.2543659908012496,-6.0,19.0,17.5,1.0
8.0,9.93156450422337,4.857142857142861,5.0,0.9127068492287544,-7.0,4.0,12.5,0.0
13.0,13.933037000778596,8.666666666666671,3.0,0.6676287432327245,7.0,22.0,14.5,1.0
15.5,18.01265721829571,4.857142857142861,5.0,0.6872804590584786,-7.0,27.0,15.5,1.0
11.0,16.002882393130477,8.666666666666671,3.0,-0.2765370031855187,7.0,18.0,17.5,1.0
16.5,15.716477176736243,8.666666666666671,3.0,0.6810412725310285,7.0,22.0,16.5,1.0
10.0,11.533103176744243,8.666666666666671,3.0,-0.13270986777605004,7.0,11.0,11.5,0.0
11.0,13.792656848742386,-18.5,2.0,-0.10724607736841252,13.0,4.0,12.5,0.0
9.5,10.50823164154765,-18.5,2.0,-0.49170515840695217,13.0,7.0,10.5,0.0
17.5,17.189211874865048,-18.5,2.0,0.5565581983877914,13.0,8.0,17.5,0.0
19.5,20.2488699905497,-18.5,2.0,-0.4003697739620012,13.0,16.0,21.5,0.0
15.5,17.061906306815718,-22.41666666666667,3.0,-0.1071077079037194,-13.0,6.0,16.5,0.0
12.0,13.11516017081825,-22.41666666666667,3.0,-0.0683161487950032,-13.0,14.0,12.5,1.0
29.0,28.574835160227558,7.166666666666671,4.0,0.0854168745020647,11.0,27.0,27.5,0.0
14.0,13.09271481725718,-0.0714285714285694,3.0,-1.3716608140476039,-11.0,19.0,13.5,1.0
19.0,15.994692179631746,7.166666666666671,4.0,-0.5518526275605508,11.0,32.0,17.5,1.0
20.0,18.812351260138083,-0.0714285714285694,3.0,0.39467267471834444,-11.0,1.0,20.5,0.0
19.5,18.676261223903435,7.166666666666671,4.0,-0.06280430123959121,11.0,11.0,17.5,0.0
17.0,17.75645245652322,-0.0714285714285694,3.0,-0.3557545971790778,-11.0,21.0,17.5,1.0
17.5,15.835756587843266,-0.0714285714285694,3.0,0.3537334517383388,-11.0,10.0,15.5,0.0
16.0,19.61475420227999,6.400000000000006,2.0,-0.10760585448139467,13.0,17.0,19.5,0.0
17.0,16.447749665198277,2.933333333333337,2.0,-1.9800121341057106,-13.0,9.0,17.5,0.0
17.5,20.802975488016365,6.400000000000006,2.0,1.1729134343072913,13.0,22.0,16.5,1.0
19.0,18.05281132917258,6.400000000000006,2.0,-0.12731440062423352,13.0,31.0,17.5,1.0
13.0,15.144512375242192,11.125,2.0,1.6375163071904422,12.0,10.0,15.5,0.0
13.0,13.740951144529191,3.3076923076923066,2.0,-0.4850141753771376,-12.0,19.0,17.5,1.0
14.5,16.603787520228916,11.125,2.0,0.2893207744120233,12.0,16.0,17.5,0.0
16.5,16.63210572245737,11.125,2.0,0.5942757877373179,12.0,18.0,16.5,1.0
10.5,11.435350479026415,11.125,2.0,-0.6221032111478376,12.0,21.0,11.5,1.0
13.0,13.363064189801165,3.3076923076923066,2.0,0.3517307057388305,-12.0,24.0,13.5,1.0
29.0,28.330129451700213,-2.384615384615387,2.0,-0.053867881022000984,11.0,26.0,26.5,0.0
10.0,12.157248104971336,-6.928571428571431,3.0,-0.20065898823014372,-11.0,6.0,12.5,0.0
14.0,12.85200672980283,-6.928571428571431,3.0,0.024998197310384666,-11.0,18.0,12.5,1.0
16.5,17.147393797939973,-6.928571428571431,3.0,-1.4852866740102366,-11.0,6.0,17.5,0.0
12.0,12.670303634495042,-6.928571428571431,3.0,0.4653970664673106,-11.0,19.0,11.5,1.0
19.0,21.168269940997455,-2.384615384615387,2.0,-0.2791864684136058,11.0,8.0,17.5,0.0
18.5,17.233011177433884,-2.384615384615387,2.0,-0.3336807365889905,11.0,18.0,16.5,1.0
12.0,12.145436126822062,-6.928571428571431,3.0,0.5467218049587582,-11.0,9.0,10.5,0.0
14.0,10.823594545770215,10.75,2.0,3.255842335070722,-10.0,2.0,12.5,0.0
15.5,18.95752625793142,11.0,2.0,-0.5621467574465868,10.0,33.0,19.5,1.0
16.5,15.551707800949492,10.75,2.0,-2.6473070819570363,-10.0,20.0,15.5,1.0
19.0,21.027352752041992,11.0,2.0,2.1133583106971336,10.0,14.0,17.5,0.0
20.5,20.59794246378939,11.0,2.0,0.9871553183614378,10.0,24.0,18.5,1.0
15.5,20.019089398200386,20.53333333333333,3.0,1.4022367539928808,28.0,7.0,17.5,0.0
23.0,23.682119983789526,-11.142857142857139,2.0,-0.7217602443487692,-28.0,6.0,25.5,0.0
11.0,12.174034776976846,-11.142857142857139,2.0,0.4577762770739618,-28.0,6.0,12.5,0.0
9.0,12.328715291570063,-12.266666666666666,3.0,-0.46633665899012544,13.0,14.0,11.5,1.0
24.0,16.539073370522726,-23.266666666666666,4.0,0.0,-13.0,10.0,19.5,0.0
14.0,17.30707547425759,-23.266666666666666,4.0,0.12171097221188085,-13.0,7.0,16.5,0.0
19.5,22.539862401882868,-23.266666666666666,4.0,0.49610206578137817,-13.0,9.0,21.5,0.0
14.5,14.489067560484125,-12.266666666666666,3.0,-0.02655478217927683,13.0,9.0,16.5,0.0
18.5,19.359645141326894,-12.266666666666666,3.0,-0.5366327268666198,13.0,23.0,20.5,1.0
15.0,15.076373941134511,-0.9285714285714306,2.0,-0.2749756063406955,-21.0,8.0,17.5,0.0
17.5,22.663223933284225,8.352941176470594,1.0,0.30334013190173303,21.0,17.0,19.5,0.0
17.5,19.461584836276455,8.352941176470594,1.0,1.4951682377661122,21.0,15.0,17.5,0.0
21.5,21.25686653903841,8.352941176470594,1.0,0.8889605681979884,21.0,26.0,19.5,1.0
13.0,16.061129382982053,-0.9285714285714306,2.0,0.2323782894745374,-21.0,19.0,15.5,1.0
10.0,11.152296087688315,-19.46666666666667,2.0,-0.3055472352518527,-11.0,14.0,12.5,1.0
14.0,13.598478404673168,-19.46666666666667,2.0,0.3844884899453142,-11.0,14.0,13.5,1.0
16.0,15.518800267008826,-19.46666666666667,2.0,-1.5781505163332457,-11.0,9.0,16.5,0.0
12.0,13.95910111686972,-19.46666666666667,2.0,0.7996790598211863,-11.0,2.0,12.5,0.0
14.0,13.792436452000421,-11.066666666666663,4.0,-0.7896299382811727,11.0,11.0,12.5,0.0
19.0,14.805110621018475,-11.066666666666663,4.0,-0.5552328505774637,11.0,16.0,18.5,0.0
17.0,18.29598626308817,-11.066666666666663,4.0,0.1980403454019834,11.0,13.0,15.5,0.0
17.5,14.586874002598906,-11.066666666666663,4.0,-0.23844323652208754,11.0,13.0,15.5,0.0
11.0,11.617513781986082,-19.46666666666667,2.0,0.33417334062660436,-11.0,10.0,11.5,0.0
15.5,17.0304790485214,14.25,1.0,0.8506201776421447,8.0,12.0,16.5,0.0
21.5,18.216326516249037,4.599999999999994,1.0,-0.8788095000318819,-8.0,23.0,23.5,0.0
7.5,10.358327413228626,14.25,1.0,0.3779776207428782,8.0,18.0,10.5,1.0
9.0,10.987294521808098,4.599999999999994,1.0,-0.30987299955176645,-8.0,1.0,10.5,0.0
12.5,14.559514090354327,6.470588235294116,2.0,1.7078885806512254,-1.0,18.0,15.5,1.0
12.0,12.746250812297456,8.642857142857139,3.0,0.8051079226607042,1.0,25.0,13.5,1.0
17.0,16.402249059675796,6.470588235294116,2.0,-0.4183821069658444,-1.0,17.0,17.5,0.0
16.0,14.348086561966385,8.642857142857139,3.0,-0.09779806392463228,1.0,23.0,15.5,1.0
17.5,16.79697164906471,6.470588235294116,2.0,0.7028559869004679,-1.0,24.0,16.5,1.0
13.5,15.076150568500594,8.642857142857139,3.0,-0.44874266911121136,1.0,6.0,16.5,0.0
13.0,13.346492092030122,6.470588235294116,2.0,0.010238311569532628,-1.0,12.0,12.5,0.0
7.0,6.422565424963378,14.25,1.0,-0.4181651315410544,8.0,8.0,8.5,0.0
7.5,7.364501823871556,4.599999999999994,1.0,-0.11066892841134533,-8.0,9.0,8.5,1.0
8.0,10.554787972293102,14.25,1.0,0.43312099567955514,8.0,13.0,10.5,1.0
10.0,10.075417591322209,8.642857142857139,3.0,1.3114593722607546,1.0,16.0,10.5,1.0
12.0,10.268550877650496,8.642857142857139,3.0,0.3549642297427253,1.0,2.0,11.5,0.0
11.0,12.27287073510767,2.941176470588232,5.0,0.0,-6.0,15.0,12.5,1.0
22.5,19.645796881257542,14.3125,4.0,-0.9730526724771313,6.0,23.0,20.5,1.0
8.5,8.968843199510479,2.941176470588232,5.0,1.4475107653647044,-6.0,17.0,10.5,1.0
9.5,10.342233453990787,2.941176470588232,5.0,0.28806763239219096,-6.0,3.0,10.5,0.0
14.5,12.987039721638268,2.941176470588232,5.0,-1.3399778080004974,-6.0,11.0,16.5,0.0
19.5,20.127046226227478,2.941176470588232,5.0,-0.32690090154908147,-6.0,29.0,22.5,1.0
28.5,28.026812978383262,7.785714285714292,6.0,-0.4684498499227952,12.0,31.0,26.5,1.0
13.0,14.321661476205422,3.066666666666663,4.0,1.0482484112710322,-12.0,18.0,14.5,1.0
17.0,15.781405669369551,3.066666666666663,4.0,1.0854443475016904,-12.0,20.0,15.5,1.0
17.0,16.786147265678228,7.785714285714292,6.0,-0.022957437624627985,12.0,22.0,17.5,1.0
10.0,10.945583937911863,3.066666666666663,4.0,1.0052438744445584,-12.0,5.0,10.5,0.0
18.0,17.381186215079886,7.785714285714292,6.0,-0.9334557455092407,12.0,21.0,16.5,1.0
13.5,13.11736241420785,3.066666666666663,4.0,-0.5645837969807754,-12.0,21.0,15.5,1.0
10.5,11.610048574085583,14.75,4.0,0.16402105809902126,3.0,7.0,12.5,0.0
14.0,15.775804899578613,12.411764705882348,4.0,0.839507323845119,-3.0,10.0,15.5,0.0
13.5,13.624829980845773,14.75,4.0,0.7835311823336037,3.0,7.0,13.5,0.0
16.0,14.756992268467812,14.75,4.0,-2.153044160967206,3.0,24.0,16.5,1.0
12.0,11.379942162800049,14.75,4.0,-0.34854822733903623,3.0,22.0,12.5,1.0
7.5,11.426654477922499,12.411764705882348,4.0,0.9214280827359365,-3.0,18.0,10.5,1.0
11.0,11.383949668508512,14.75,4.0,0.2359480059528402,3.0,23.0,10.5,1.0
12.5,15.182678147492247,-3.8888888888888857,4.0,1.977341701298389,-12.0,11.0,14.5,0.0
16.5,16.56675049384727,-3.8888888888888857,4.0,-0.02463557397967685,-12.0,15.0,17.5,0.0
13.5,13.412173977069639,6.625,4.0,-0.39606349584972816,12.0,18.0,13.5,1.0
19.0,14.955334873693936,6.625,4.0,-1.059404987301742,12.0,34.0,20.5,1.0
18.0,17.866774838001888,-3.8888888888888857,4.0,2.387969541545396,-12.0,14.0,16.5,0.0
13.5,13.083775500300996,-3.8888888888888857,4.0,0.8364011735804494,-12.0,12.0,12.5,0.0
16.0,17.40483873636994,6.625,4.0,0.2644806757090916,12.0,15.0,17.5,0.0
17.5,14.258549931451055,6.625,4.0,0.2344662200020833,12.0,8.0,14.5,0.0
28.5,28.47391618846537,0.2666666666666657,2.0,-0.2677423150691526,11.0,11.0,27.5,0.0
12.5,14.399618913286258,-2.2777777777777715,2.0,0.5141080968591658,-11.0,13.0,13.5,0.0
17.0,18.58429346562364,0.2666666666666657,2.0,0.4682104465089938,11.0,26.0,18.5,1.0
18.5,18.06805140320047,0.2666666666666657,2.0,-0.3198450618326283,11.0,2.0,17.5,0.0
9.5,9.540202330922087,-2.2777777777777715,2.0,0.24469317888881792,-11.0,14.0,9.5,1.0
11.0,12.292631824591567,-2.2777777777777715,2.0,1.5952504310984745,-11.0,23.0,12.5,1.0
13.0,14.22234556123383,-1.0,2.0,0.03672363247978354,-6.0,24.0,15.5,1.0
17.0,21.2350948763076,-7.15789473684211,7.0,0.5084089598813007,6.0,22.0,19.5,1.0
17.5,18.502225301031757,-7.15789473684211,7.0,0.8692936373638739,6.0,5.0,16.5,0.0
21.5,22.082446103218395,-7.15789473684211,7.0,1.2112346396323233,6.0,10.0,19.5,0.0
14.0,16.040854193189915,-1.0,2.0,1.7514786888995766,-6.0,16.0,14.5,1.0
19.0,15.791524790766415,-0.4117647058823479,2.0,0.17561345018257643,-6.0,24.0,19.5,1.0
15.5,16.111849330545752,7.315789473684205,3.0,0.7230653356754789,6.0,15.0,16.5,0.0
20.0,20.12152732664794,-0.4117647058823479,2.0,-0.7405329593267881,-6.0,7.0,22.5,0.0
18.0,17.430004197592268,7.315789473684205,3.0,1.2647306249637782,6.0,16.0,16.5,0.0
12.0,12.84910055994741,7.315789473684205,3.0,1.0731866562143808,6.0,12.0,13.5,0.0
9.0,11.025245246666397,-0.4117647058823479,2.0,-0.3924298320156235,-6.0,15.0,10.5,1.0
12.0,12.779500855327148,-15.222222222222229,3.0,-0.34532499655357474,8.0,11.0,11.5,0.0
14.5,14.89246839673342,-18.125,3.0,0.8492077756084468,-8.0,10.0,14.5,0.0
18.5,16.422291179132216,-18.125,3.0,2.3796221479762956,-8.0,15.0,16.5,0.0
14.5,12.50794309628767,-15.222222222222229,3.0,-1.6936970159837894,8.0,16.0,14.5,1.0
13.5,14.830469091842744,-18.125,3.0,-0.08349534945859213,-8.0,11.0,15.5,0.0
21.5,21.944880870042905,-15.222222222222229,3.0,0.4341363123170973,8.0,13.0,21.5,0.0
23.5,21.708513429916486,-9.277777777777771,2.0,-0.5446537550901673,-24.0,21.0,22.5,0.0
13.5,13.864739832738815,11.444444444444443,2.0,0.8502861011733505,24.0,12.0,13.5,0.0
20.0,22.098849667361755,11.444444444444443,2.0,-0.14268942504342258,24.0,26.0,21.5,1.0
14.0,14.224082513453261,-9.277777777777771,2.0,0.007600443270777678,-24.0,15.0,14.5,1.0
15.5,16.942794196704597,11.444444444444443,2.0,-0.7851986044385342,24.0,14.0,16.5,0.0
13.5,12.654032684513105,11.444444444444443,2.0,-1.7280667968938772,24.0,8.0,13.5,0.0
11.5,11.470951974258725,-9.277777777777771,2.0,-0.8347057932851346,-24.0,7.0,10.5,0.0
12.0,12.563412891584166,-17.421052631578945,2.0,-0.4117604056993174,-9.0,9.0,10.5,0.0
13.0,13.412937044777735,-11.799999999999997,2.0,-0.46000012672181523,9.0,9.0,12.5,0.0
19.5,21.40993628482457,-11.799999999999997,2.0,0.9982261305294148,9.0,17.0,20.5,0.0
12.0,9.7435331891109,-17.421052631578945,2.0,0.7288580215944548,-9.0,1.0,11.5,0.0
16.0,15.600423191524087,-11.799999999999997,2.0,-0.48412213735239834,9.0,21.0,14.5,1.0
14.5,13.505589594394895,-17.421052631578945,2.0,-1.1253841507210762,-9.0,17.0,14.5,1.0
19.5,20.08195617302075,-17.421052631578945,2.0,-0.4610956833833727,-9.0,15.0,20.5,0.0
21.5,19.8248242368277,-11.799999999999997,2.0,0.8431631019754245,9.0,17.0,18.5,0.0
15.0,16.645850799057026,1.058823529411768,2.0,-0.16267583576897757,-8.0,19.0,16.5,1.0
14.5,14.31872636125035,5.941176470588232,2.0,0.9254858805188599,8.0,12.0,14.5,0.0
17.0,16.132127512728736,5.941176470588232,2.0,2.235150659249441,8.0,26.0,16.5,1.0
11.5,13.954975455440984,5.941176470588232,2.0,0.31844996917641216,8.0,4.0,13.5,0.0
15.0,16.010937639877234,1.058823529411768,2.0,1.4237705500829172,-8.0,19.0,14.5,1.0
15.5,15.804425105227027,-12.049999999999997,2.0,0.02912736962946734,-19.0,13.0,16.5,0.0
23.0,21.495326463982565,,2.0,-1.124057932498087,,26.0,23.5,1.0
21.0,17.731721783594953,,2.0,-0.5127315631642959,,24.0,19.5,1.0
20.0,17.578957615378783,,2.0,-1.5609085406875334,,34.0,21.5,1.0
10.5,12.936720376658213,,2.0,1.7857446337744103,,11.0,11.5,0.0
15.0,14.492639056975365,,2.0,0.11167578260275653,,36.0,14.5,1.0
11.5,10.538315600886358,,2.0,-0.7604866484517453,,3.0,11.5,0.0
